<?xml version="1.0" encoding="UTF-8"?>
<animali>
    <animale>
        <Tipo>Carnivoro</Tipo>
        <Specie>Alligatore</Specie>
        <Peso>150</Peso>
        <Altezza>0.3</Altezza>
        <Lunghezza>7</Lunghezza>
        <Eta>10</Eta>
        <Sede>Pretoria</Sede>
        <Pelle>12</Pelle>
        <Divalore>Questo alligatore è di valore</Divalore>
        <ID>4</ID>
    </animale>
    <animale>
        <Tipo>Erbivoro</Tipo>
        <Specie>Rinoceronte</Specie>
        <Peso>2000.1</Peso>
        <Altezza>1.5</Altezza>
        <Lunghezza>3</Lunghezza>
        <Eta>31</Eta>
        <Sede>Nairobi</Sede>
        <Folivoro>Folivoro</Folivoro>
        <Nettarivoro>Nettarivoro</Nettarivoro>
        <Corno>13.5</Corno>
        <Grasso>Questo rinoceronte è grasso</Grasso>
        <Divalore>Questo rinoceronte è di valore</Divalore>
        <ID>6</ID>
    </animale>
    <animale>
        <Tipo>Erbivoro</Tipo>
        <Specie>Rinoceronte</Specie>
        <Peso>2500</Peso>
        <Altezza>1.7</Altezza>
        <Lunghezza>2.85</Lunghezza>
        <Eta>25</Eta>
        <Sede>Mumbai</Sede>
        <Frugivoro>Frugivoro</Frugivoro>
        <Granivoro>Granivoro</Granivoro>
        <Corno>12</Corno>
        <Grasso>Questo rinoceronte è grasso</Grasso>
        <ID>9</ID>
    </animale>
    <animale>
        <Tipo>Onnivoro</Tipo>
        <Specie>Orso</Specie>
        <Peso>1300</Peso>
        <Altezza>2</Altezza>
        <Lunghezza>2.4</Lunghezza>
        <Eta>31</Eta>
        <Sede>Pretoria</Sede>
        <Frugivoro>Frugivoro</Frugivoro>
        <Folivoro>Folivoro</Folivoro>
        <Granivoro>Granivoro</Granivoro>
        <Nettarivoro>Nettarivoro</Nettarivoro>
        <Necrofago>E' necrofago</Necrofago>
        <Pelliccia>15</Pelliccia>
        <Grasso>Questo orso è grasso</Grasso>
        <Vecchio>Questo orso è vecchio</Vecchio>
        <ID>10</ID>
    </animale>
    <DatiFinanziari>
        <acquisto>
            <IDAC>1</IDAC>
            <SpecieAC>Alligatore</SpecieAC>
            <PrezzoAC>100.5</PrezzoAC>
            <DataAC>gio dic 5 2019</DataAC>
        </acquisto>
        <acquisto>
            <IDAC>8</IDAC>
            <SpecieAC>Alligatore</SpecieAC>
            <PrezzoAC>120.44</PrezzoAC>
            <DataAC>dom gen 7 2018</DataAC>
        </acquisto>
        <acquisto>
            <IDAC>9</IDAC>
            <SpecieAC>Rinoceronte</SpecieAC>
            <PrezzoAC>34.8</PrezzoAC>
            <DataAC>ven ago 30 2019</DataAC>
        </acquisto>
        <acquisto>
            <IDAC>10</IDAC>
            <SpecieAC>Orso</SpecieAC>
            <PrezzoAC>1200</PrezzoAC>
            <DataAC>sab apr 4 2020</DataAC>
        </acquisto>
        <vendite>
            <IDVE>1</IDVE>
            <SpecieVE>Alligatore</SpecieVE>
            <PrezzoVE>1000</PrezzoVE>
            <DataVE>mer gen 1 2020</DataVE>
        </vendite>
        <vendite>
            <IDVE>7</IDVE>
            <SpecieVE>Rinoceronte</SpecieVE>
            <PrezzoVE>2300</PrezzoVE>
            <DataVE>mar ott 12 2021</DataVE>
        </vendite>
        <vendite>
            <IDVE>8</IDVE>
            <SpecieVE>Alligatore</SpecieVE>
            <PrezzoVE>5400.5</PrezzoVE>
            <DataVE>lun nov 1 2021</DataVE>
        </vendite>
        <vendite>
            <IDVE>5</IDVE>
            <SpecieVE>Orso</SpecieVE>
            <PrezzoVE>2100.23</PrezzoVE>
            <DataVE>dom giu 6 2021</DataVE>
        </vendite>
        <TotaleAcquisti>
            <TotAcquisti>1455.74</TotAcquisti>
        </TotaleAcquisti>
        <TotaleVendite>
            <TotVendite>10800.7</TotVendite>
        </TotaleVendite>
        <Bilancio>
            <Bilanciodato>9344.99</Bilanciodato>
        </Bilancio>
    </DatiFinanziari>
</animali>
